{"AFG": {"t": 4.84, "s": -0.09971, "l": 66.0, "i": 0.05036, "p": 41454762}, "ALB": {"t": 1.348, "s": -0.02712, "l": 79.6, "i": 0.00832, "p": 2811660}, "DZA": {"t": 2.766, "s": -0.04933, "l": 76.3, "i": 0.01974, "p": 46164222}, "ASM": {"t": 2.286, "s": -0.05835, "l": 72.9, "i": 0.03, "p": 47544}, "AND": {"t": 1.082, "s": -0.01198, "l": 84.0, "i": 0.00248, "p": 80869}, "AGO": {"t": 5.124, "s": -0.07863, "l": 64.6, "i": 0.03827, "p": 36749909}, "AIA": {"t": 1.364, "s": -0.00063, "l": 79.3, "i": 0.00533, "p": 14435}, "ATG": {"t": 1.578, "s": 0.02432, "l": 77.6, "i": 0.0073, "p": 93331}, "ARG": {"t": 1.5, "s": -0.12314, "l": 77.4, "i": 0.00818, "p": 45538402}, "ARM": {"t": 1.714, "s": 0.02214, "l": 75.7, "i": 0.00888, "p": 2943398}, "ABW": {"t": 1.602, "s": -0.03469, "l": 76.4, "i": 0.03, "p": 107946}, "AUS": {"t": 1.638, "s": -0.0235, "l": 83.9, "i": 0.00314, "p": 26451126}, "AUT": {"t": 1.317, "s": -0.0251, "l": 82.0, "i": 0.00263, "p": 9130434}, "AZE": {"t": 1.67, "s": -0.0544, "l": 74.4, "i": 0.01333, "p": 10318209}, "BHS": {"t": 1.373, "s": -0.01376, "l": 74.6, "i": 0.01137, "p": 399452}, "BHR": {"t": 1.824, "s": -0.0287, "l": 81.3, "i": 0.00715, "p": 1569674}, "BGD": {"t": 2.163, "s": -0.00765, "l": 74.7, "i": 0.02437, "p": 171466986}, "BRB": {"t": 1.708, "s": -0.00252, "l": 76.2, "i": 0.0093, "p": 282347}, "BLR": {"t": 1.208, "s": -0.05989, "l": 74.4, "i": 0.00188, "p": 9115679}, "BEL": {"t": 1.379, "s": -0.03127, "l": 82.1, "i": 0.00304, "p": 11712891}, "BLZ": {"t": 2.007, "s": -0.07664, "l": 73.6, "i": 0.01084, "p": 411112}, "BEN": {"t": 4.556, "s": -0.102, "l": 60.8, "i": 0.04642, "p": 14111035}, "BMU": {"t": 1.401, "s": -0.00405, "l": 82.3, "i": 0.03, "p": 64721}, "BTN": {"t": 1.462, "s": -0.0319, "l": 73.0, "i": 0.01852, "p": 786386}, "BOL": {"t": 2.547, "s": -0.03943, "l": 68.6, "i": 0.02004, "p": 12244161}, "BES": {"t": 1.473, "s": -0.00261, "l": 77.4, "i": 0.03, "p": 29920}, "BIH": {"t": 1.486, "s": 0.01376, "l": 77.9, "i": 0.00535, "p": 3185072}, "BWA": {"t": 2.732, "s": -0.03706, "l": 69.2, "i": 0.03825, "p": 2480242}, "BRA": {"t": 1.619, "s": -0.02001, "l": 75.8, "i": 0.01246, "p": 211140731}, "VGB": {"t": 1.045, "s": 0.01764, "l": 77.3, "i": 0.01165, "p": 39009}, "BRN": {"t": 1.747, "s": -0.02374, "l": 75.3, "i": 0.00825, "p": 458959}, "BGR": {"t": 1.749, "s": 0.03056, "l": 75.6, "i": 0.005, "p": 6795805}, "BFA": {"t": 4.186, "s": -0.17156, "l": 61.1, "i": 0.0448, "p": 23025777}, "BDI": {"t": 4.878, "s": -0.10081, "l": 63.7, "i": 0.03146, "p": 13689455}, "KHM": {"t": 2.579, "s": -0.02075, "l": 70.7, "i": 0.02032, "p": 17423884}, "CMR": {"t": 4.322, "s": -0.07839, "l": 63.7, "i": 0.04125, "p": 28372690}, "CAN": {"t": 1.349, "s": -0.03452, "l": 82.6, "i": 0.00443, "p": 39299098}, "CPV": {"t": 1.522, "s": -0.07083, "l": 76.1, "i": 0.01101, "p": 522335}, "CYM": {"t": 1.531, "s": 0.05432, "l": 80.4, "i": 0.03, "p": 73055}, "CAF": {"t": 6.012, "s": -0.01806, "l": 57.4, "i": 0.06041, "p": 5152415}, "TCD": {"t": 6.12, "s": -0.06933, "l": 55.1, "i": 0.05869, "p": 19319075}, "CHL": {"t": 1.167, "s": -0.07615, "l": 81.2, "i": 0.0062, "p": 19658833}, "CHN": {"t": 0.999, "s": -0.12788, "l": 78.0, "i": 0.00445, "p": 1422584930}, "COL": {"t": 1.645, "s": -0.01082, "l": 77.7, "i": 0.01094, "p": 52321152}, "COM": {"t": 3.878, "s": -0.06785, "l": 66.8, "i": 0.03565, "p": 850390}, "COG": {"t": 4.157, "s": -0.05554, "l": 65.8, "i": 0.02765, "p": 6182890}, "COK": {"t": 2.045, "s": -0.02019, "l": 75.3, "i": 0.01176, "p": 14244}, "CRI": {"t": 1.33, "s": -0.07164, "l": 80.8, "i": 0.00918, "p": 5105526}, "CIV": {"t": 4.283, "s": -0.0808, "l": 61.9, "i": 0.04661, "p": 31165653}, "HRV": {"t": 1.468, "s": 0.01538, "l": 78.6, "i": 0.00386, "p": 3896023}, "CUB": {"t": 1.439, "s": -0.03075, "l": 78.1, "i": 0.00659, "p": 11019932}, "CUW": {"t": 1.073, "s": -0.09031, "l": 76.8, "i": 0.03, "p": 185437}, "CYP": {"t": 1.389, "s": 0.00981, "l": 81.6, "i": 0.00286, "p": 1344981}, "CZE": {"t": 1.448, "s": -0.01983, "l": 79.8, "i": 0.00207, "p": 10809722}, "COD": {"t": 6.051, "s": -0.04865, "l": 61.9, "i": 0.04447, "p": 105789733}, "DNK": {"t": 1.511, "s": -0.0334, "l": 81.9, "i": 0.00302, "p": 5948134}, "DJI": {"t": 2.609, "s": -0.05196, "l": 66.0, "i": 0.04444, "p": 1152951}, "DMA": {"t": 1.484, "s": -0.01282, "l": 71.1, "i": 0.03312, "p": 66531}, "DOM": {"t": 2.243, "s": -0.02583, "l": 73.7, "i": 0.02841, "p": 11331269}, "TLS": {"t": 2.707, "s": -0.12233, "l": 67.7, "i": 0.03593, "p": 1384292}, "ECU": {"t": 1.823, "s": -0.04883, "l": 77.4, "i": 0.01109, "p": 17980079}, "EGY": {"t": 2.75, "s": -0.09321, "l": 71.6, "i": 0.01615, "p": 114535772}, "SLV": {"t": 1.775, "s": -0.02431, "l": 72.1, "i": 0.00917, "p": 6309629}, "GNQ": {"t": 4.081, "s": -0.08576, "l": 63.7, "i": 0.04911, "p": 1847556}, "ERI": {"t": 3.713, "s": -0.0645, "l": 68.6, "i": 0.02553, "p": 3470391}, "EST": {"t": 1.35, "s": -0.03574, "l": 79.2, "i": 0.0016, "p": 1367195}, "SWZ": {"t": 2.753, "s": -0.04425, "l": 64.1, "i": 0.04355, "p": 1230507}, "ETH": {"t": 3.989, "s": -0.06712, "l": 67.3, "i": 0.03574, "p": 128691695}, "FLK": {"t": 1.685, "s": -0.00337, "l": 79.2, "i": 0.03, "p": 3498}, "FRO": {"t": 2.24, "s": -0.04031, "l": 80.2, "i": 0.03, "p": 54738}, "FJI": {"t": 2.281, "s": -0.03248, "l": 67.3, "i": 0.02382, "p": 924150}, "FIN": {"t": 1.28, "s": -0.03161, "l": 81.9, "i": 0.00182, "p": 5601185}, "FRA": {"t": 1.639, "s": -0.02882, "l": 83.3, "i": 0.00341, "p": 66438828}, "GUF": {"t": 3.388, "s": -0.05133, "l": 77.0, "i": 0.03, "p": 303408}, "PYF": {"t": 1.501, "s": -0.035, "l": 84.1, "i": 0.03, "p": 281125}, "GAB": {"t": 3.647, "s": -0.04014, "l": 68.3, "i": 0.0265, "p": 2484790}, "GMB": {"t": 4.006, "s": -0.1089, "l": 65.9, "i": 0.03385, "p": 2697846}, "GEO": {"t": 1.81, "s": -0.05821, "l": 74.5, "i": 0.00795, "p": 3807494}, "DEU": {"t": 1.441, "s": -0.01877, "l": 81.4, "i": 0.00307, "p": 84548233}, "GHA": {"t": 3.397, "s": -0.06265, "l": 65.5, "i": 0.02817, "p": 33787916}, "GIB": {"t": 1.888, "s": -0.00726, "l": 83.6, "i": 0.03, "p": 38493}, "GRC": {"t": 1.334, "s": -0.00299, "l": 81.9, "i": 0.00318, "p": 10242910}, "GRL": {"t": 1.95, "s": -0.01689, "l": 70.1, "i": 0.03, "p": 55951}, "GRD": {"t": 1.487, "s": -0.00752, "l": 75.2, "i": 0.01668, "p": 117094}, "GLP": {"t": 2.089, "s": -0.0012, "l": 82.1, "i": 0.03, "p": 376518}, "GUM": {"t": 2.781, "s": -0.05399, "l": 77.2, "i": 0.03, "p": 166522}, "GTM": {"t": 2.311, "s": -0.0999, "l": 72.6, "i": 0.01787, "p": 18124841}, "GGY": {"t": 1.362, "s": -0.00613, "l": 83.3, "i": 0.03, "p": 64043}, "GIN": {"t": 4.217, "s": -0.09801, "l": 60.7, "i": 0.06155, "p": 14405469}, "GNB": {"t": 3.836, "s": -0.09248, "l": 64.1, "i": 0.04306, "p": 2153343}, "GUY": {"t": 2.412, "s": -0.03139, "l": 70.2, "i": 0.0238, "p": 826357}, "HTI": {"t": 2.656, "s": -0.05717, "l": 64.9, "i": 0.04033, "p": 11637402}, "HND": {"t": 2.5, "s": -0.02926, "l": 72.9, "i": 0.01328, "p": 10644853}, "HKG": {"t": 0.717, "s": -0.07908, "l": 85.5, "i": 0.03, "p": 7442738}, "HUN": {"t": 1.486, "s": 0.00271, "l": 77.0, "i": 0.00316, "p": 9686465}, "ISL": {"t": 1.54, "s": -0.02071, "l": 82.7, "i": 0.00194, "p": 387559}, "IND": {"t": 1.975, "s": -0.04454, "l": 72.0, "i": 0.0245, "p": 1438069597}, "IDN": {"t": 2.127, "s": -0.02361, "l": 71.1, "i": 0.01695, "p": 281190068}, "IRN": {"t": 1.695, "s": -0.05719, "l": 77.7, "i": 0.01066, "p": 90608708}, "IRQ": {"t": 3.249, "s": -0.07757, "l": 72.3, "i": 0.02082, "p": 45074055}, "IRL": {"t": 1.598, "s": -0.02896, "l": 82.4, "i": 0.00337, "p": 5196629}, "IMN": {"t": 1.548, "s": -0.02342, "l": 81.0, "i": 0.03, "p": 84182}, "ISR": {"t": 2.83, "s": -0.03887, "l": 82.4, "i": 0.0027, "p": 9256311}, "ITA": {"t": 1.198, "s": -0.0175, "l": 83.7, "i": 0.00234, "p": 59499452}, "JAM": {"t": 1.358, "s": -0.01304, "l": 71.5, "i": 0.01833, "p": 2839785}, "JPN": {"t": 1.208, "s": -0.02837, "l": 84.7, "i": 0.00177, "p": 124370947}, "JEY": {"t": 1.371, "s": -0.01261, "l": 79.7, "i": 0.03, "p": 103680}, "JOR": {"t": 2.639, "s": -0.06231, "l": 77.8, "i": 0.01224, "p": 11439220},